Model,Accuracy,Precision,Recall,F1,AUC
8 SVM Linear,0.7368,0.6999,0.8318,0.7601,0.7731
8 SVM Radial,0.8793103,0.8741648,0.8870056,0.8805384,0.9447523
